"scenario","interpretation","dose_1","dose_2","dose_3","dose_4","true_state","endpoint"
"S1","Target at Dose 1",0.3,0.4,0.5,0.6,"1","Select Dose 1"
"S2","Target at Dose 2",0.15,0.3,0.45,0.6,"2","Select Dose 2"
"S3","Target at Dose 3",0.05,0.15,0.3,0.45,"3","Select Dose 3"
"S4","Target at Dose 4",0.05,0.1,0.2,0.3,"4","Select Dose 4"
"S5","All below target",0.05,0.1,0.15,0.2,">4","Select Dose 4"
"S6","All doses overly toxic",0.45,0.55,0.65,0.75,"<1","No dose"
"S7","Shallow gradient; target at Dose 4",0.15,0.2,0.25,0.3,"4","Select Dose 4"
"S9","All doses at target",0.3,0.3,0.3,0.3,"1","Any dose 1-4"
"S10","Flat low-toxicity profile",0.05,0.05,0.05,0.05,">4","Any dose 1-4"
